sample_id,true_label,predicted_label,predicted_probability,prediction_confidence,correct_prediction,feature_bin__pc,feature_num__wbcc,feature_num__d_bp,feature_num__pcv,feature_num__sc,feature_num__sod,feature_bin__dm,feature_num__sg,feature_num__su,feature_bin__pe,feature_num__hemo,feature_num__al,feature_num__rbcc,feature_num__age,feature_num__bgr,needs_review,other_num__bu,other_num__pot,other_bin__htn,other_bin__cad,other_bin__ane,other_bin__rbc,other_bin__pcc,other_bin__ba,other_bin__appet_poor
9,1,1,0.5454545454545454,0.09090909090909083,True,0.0,-0.6053819154270433,-2.0,1.0909090909090908,0.8500000000000002,1.0,0.0,-1.9999999999999556,0.0,0.0,0.3094059405940594,0.0,0.0,-2.111111111111111,-0.7,True,-0.2826855123674912,-0.2857142857142859,0.0,0.0,0.0,0.0,0.0,0.0,0.0
25,1,0,0.22727272727272727,0.5454545454545454,False,0.0,0.0631790071870299,0.0,-0.1818181818181818,1.2500000000000002,1.3333333333333333,0.0,0.0,0.0,0.0,-0.1113861386138616,0.0,0.0,-2.611111111111111,-1.1,True,1.3191990577149588,-1.142857142857143,0.0,0.0,0.0,0.0,0.0,0.0,0.0
40,1,0,0.13636363636363635,0.7272727272727273,False,1.0,-2.0093598529165972,0.0,0.2727272727272727,-0.25,0.0,1.0,-1.0,0.0,0.0,0.2599009900990097,0.0,0.8000000000000007,0.7222222222222222,1.9333333333333331,True,-0.3769140164899882,0.0,0.0,0.0,0.0,0.0,0.0,0.0,0.0
