{
    "num__sc": 0.08824765240779657,
    "num__sg": 0.08415337289988478,
    "num__rbcc": 0.059287441731843804,
    "num__al": 0.05141328325408793,
    "num__pcv": 0.03850385796465231,
    "num__sod": 0.03558271381083646,
    "bin__htn": 0.023745830800631397,
    "bin__dm": 0.023617107583673903,
    "num__bu": 0.017279701858497244,
    "num__age": 0.013633434215567838,
    "num__su": 0.010421156399040234,
    "num__wbcc": 0.007642468395274257,
    "bin__appet_poor": 0.00717679626678958,
    "bin__pe": 0.006013645886725627,
    "bin__ane": 0.005777262664483003,
    "bin__pc": 0.005058797905858124,
    "num__d_bp": 0.0038010941616484968
}