{
    "num__diastolic": 0.029499079500646314,
    "bin__has_dm": 0.02899066991383716,
    "num__age": 0.019168434228013655,
    "nom__family_kd_no": 0.016915879185975473,
    "bin__has_htn": 0.00959551842852606,
    "nom__family_kd_unsure": 0.004149850570458748,
    "nom__family_kd_yes": 0.0013203389589694847
}