{
    "num__pcv": 0.12236107417701744,
    "num__sc": 0.1087917585463789,
    "num__sg": 0.0888621519205682,
    "bin__dm": 0.05341100022556241,
    "num__sod": 0.029010000235918466,
    "bin__pe": 0.02681401871898622,
    "num__d_bp": 0.025044890532062332,
    "num__age": 0.0175315666863175,
    "bin__pc": 0.016709253864102783,
    "num__su": 0.015258853713849815,
    "bin__rbc": 0.010166833009737093,
    "num__wbcc": 0.0079823110798848
}