{
    "num__sg": 1.3277733325958252,
    "num__hemo": 1.0699604749679565,
    "num__pcv": 0.8313614130020142,
    "num__rbcc": 0.7546740770339966,
    "num__sc": 0.7176446914672852,
    "bin__htn": 0.46699443459510803,
    "num__sod": 0.33641624450683594,
    "num__wbcc": 0.25024065375328064,
    "bin__dm": 0.2477845847606659,
    "num__age": 0.08855845034122467,
    "num__pot": 0.008071995340287685,
    "bin__pc": 0.0,
    "num__d_bp": 0.0,
    "num__su": 0.0,
    "bin__pe": 0.0,
    "num__al": 0.0
}