{
    "num__sg": 0.09111549148532153,
    "num__sc": 0.08416672070356242,
    "num__pcv": 0.05749446225197509,
    "num__rbcc": 0.05546209103283948,
    "num__al": 0.05136156401377184,
    "num__sod": 0.03815890109800827,
    "bin__dm": 0.02953150192419266,
    "bin__htn": 0.028492279784623015,
    "num__bgr": 0.0214996183173893,
    "num__wbcc": 0.014956397619348971,
    "num__su": 0.008448864798155542,
    "num__d_bp": 0.007261145688354444,
    "bin__pc": 0.0070006162804633135,
    "bin__pe": 0.005550460944522091
}