{
    "num__sg": 0.12536701353998805,
    "num__hemo": 0.10170850327530565,
    "num__pcv": 0.08338139860272044,
    "bin__htn": 0.07505608495702833,
    "bin__dm": 0.03710785859727207,
    "bin__appet_poor": 0.03301196574977579,
    "num__age": 0.012327571871628348,
    "num__d_bp": 0.01204917091017674,
    "bin__cad": 0.010054047308766103
}