{
    "num__sg": 0.09425453277792736,
    "num__sc": 0.0668674031067969,
    "num__pcv": 0.06136614493349444,
    "num__rbcc": 0.04712856069305761,
    "num__al": 0.04435125799172469,
    "bin__dm": 0.032723530044538734,
    "bin__htn": 0.027920951430051476,
    "num__bgr": 0.027535093429190815,
    "num__sod": 0.02679876336350524,
    "num__age": 0.011514628664622079,
    "num__bu": 0.010311506314805634,
    "num__wbcc": 0.010115661937758078,
    "bin__appet_poor": 0.009823672000196921,
    "num__su": 0.005455651251219517,
    "num__d_bp": 0.005426865241319153,
    "bin__cad": 0.0033041025472425253,
    "bin__pc": 0.002990601401066095,
    "bin__pe": 0.0025368418692383672
}