{
    "num__sc": 0.09302564013164204,
    "num__sg": 0.08910358281827258,
    "num__rbcc": 0.06283100064087446,
    "num__al": 0.055463887881367156,
    "num__pcv": 0.04252622479804164,
    "num__sod": 0.0400649299494842,
    "bin__dm": 0.03199866245917728,
    "num__bu": 0.02273675780326681,
    "num__age": 0.017659442470317976,
    "num__su": 0.01025238382541248,
    "bin__pe": 0.007932238676019757,
    "num__wbcc": 0.006381224553493821,
    "bin__rbc": 0.004861651336157997,
    "num__d_bp": 0.004627256068520992,
    "bin__pc": 0.004621388025143905
}